{
    "parent": "story/root",
    "display": {
      "icon": {
        "item": "minecraft:iron_sword"
      },
      "title": "初次见面！",
      "description": "欢迎来到ZMCOS！",
      "frame": "task",
      "show_toast": true,
      "announce_to_chat": true,
      "hidden": false
    },
    "criteria": {
      "meet": {
        "trigger": "minecraft:tick"
      }
    },
    "requirements": [
      [
        "meet"
      ]
    ],
    "rewards": {
      "function": "vanillaskills:first_meet"
    }
  }