{
  "type": "minecraft:block",
  "pools": [
    {
      "rolls": 1.0,
      "entries": [
        {
          "type": "minecraft:alternatives",
          "children": [
            {
              "type": "minecraft:item",
              "conditions": [
                {
                  "condition": "minecraft:block_state_property",
                  "block": "minecraft:beetroots",
                  "properties": {
                    "age": "3"
                  }
                }
              ],
              "name": "minecraft:beetroot"
            },
            {
              "type": "minecraft:item",
              "name": "minecraft:beetroot_seeds"
            }
          ]
        }
      ]
    },
    {
      "rolls": 1.0,
      "entries": [
        {
          "type": "minecraft:item",
          "functions": [
            {
              "function": "minecraft:apply_bonus",
              "enchantment": "minecraft:fortune",
              "formula": "minecraft:binomial_with_bonus_count",
              "parameters": {
                "extra": 3,
                "probability": 0.5714286
              }
            }
          ],
          "name": "minecraft:beetroot_seeds"
        }
      ],
      "conditions": [
        {
          "condition": "minecraft:block_state_property",
          "block": "minecraft:beetroots",
          "properties": {
            "age": "3"
          }
        }
      ]
    },
    {
      "rolls": 1.0,
      "entries": [
        {
          "type": "minecraft:item",
          "conditions": [
            {
              "condition": "minecraft:block_state_property",
              "block": "minecraft:beetroots",
              "properties": {
                "age": "3"
              }
            },
            {
              "condition": "minecraft:random_chance",
              "chance": 0.5
            }
          ],
          "functions": [
            {
              "function": "minecraft:set_nbt",
              "tag": "{ExpBook:\"Herbal\",display:{Name:\"\\\"经验之书\\\"\",Lore:[\"\\\"技能：草药学\\\"\",\"\\\"来源：甜菜根\\\"\"]}}"
            }
          ],
          "name": "minecraft:enchanted_book"
        }
      ]
    },
    {
      "rolls": 1.0,
      "entries": [
        {
          "type": "minecraft:item",
          "conditions": [
            {
              "condition": "minecraft:block_state_property",
              "block": "minecraft:beetroots",
              "properties": {
                "age": "3"
              }
            },
            {
              "condition": "minecraft:entity_scores",
              "entity": "this",
              "scores": {
                "vsHerbalLvl":{
                  "min": 20,
                  "max": 2147483648
                }
              }
            }
          ],
          "functions": [
            {
              "function": "minecraft:set_count",
              "count":{
                "min": 0,
                "max": 1.0
              }
            }
          ],
          "name": "minecraft:beetroot"
        }
      ]
    },
    {
      "rolls": 1.0,
      "entries": [
        {
          "type": "minecraft:item",
          "conditions": [
            {
              "condition": "minecraft:block_state_property",
              "block": "minecraft:beetroots",
              "properties": {
                "age": "3"
              }
            },
            {
              "condition": "minecraft:entity_scores",
              "entity": "this",
              "scores": {
                "vsHerbalLvl":{
                  "min": 50,
                  "max": 2147483648
                }
              }
            }
          ],
          "functions": [
            {
              "function": "minecraft:set_count",
              "count":{
                "min": 1.0,
                "max": 2.0
              }
            }
          ],
          "name": "minecraft:beetroot"
        }
      ]
    },
    {
      "rolls": 1.0,
      "entries": [
        {
          "type": "minecraft:item",
          "conditions": [
            {
              "condition": "minecraft:block_state_property",
              "block": "minecraft:beetroots",
              "properties": {
                "age": "3"
              }
            },
            {
              "condition": "minecraft:entity_scores",
              "entity": "this",
              "scores": {
                "vsHerbalLvl":{
                  "min": 75,
                  "max": 2147483648
                }
              }
            }
          ],
          "functions": [
            {
              "function": "minecraft:set_count",
              "count":{
                "min": 1.0,
                "max": 3.0
              }
            }
          ],
          "name": "minecraft:beetroot"
        }
      ]
    },
    {
      "rolls": 1.0,
      "entries": [
        {
          "type": "minecraft:item",
          "conditions": [
            {
              "condition": "minecraft:block_state_property",
              "block": "minecraft:beetroots",
              "properties": {
                "age": "3"
              }
            },
            {
              "condition": "minecraft:entity_scores",
              "entity": "this",
              "scores": {
                "vsHerbalLvl":{
                  "min": 100,
                  "max": 2147483648
                }
              }
            }
          ],
          "functions": [
            {
              "function": "minecraft:set_count",
              "count":{
                "min": 2.0,
                "max": 3.0
              }
            }
          ],
          "name": "minecraft:beetroot"
        }
      ]
    }
  ],
  "functions": [
    {
      "function": "minecraft:explosion_decay"
    }
  ]
}