{
  "type": "minecraft:block",
  "pools": [
    {
      "rolls": 1,
      "entries": [
        {
          "type": "minecraft:alternatives",
          "children": [
            {
              "type": "minecraft:item",
              "conditions": [
                {
                  "condition": "minecraft:match_tool",
                  "predicate": {
                    "enchantments": [
                      {
                        "enchantment": "minecraft:silk_touch",
                        "levels": {
                          "min": 1
                        }
                      }
                    ]
                  }
                }
              ],
              "name": "minecraft:diamond_ore"
            },
            {
              "type": "minecraft:item",
              "functions": [
                {
                  "function": "minecraft:apply_bonus",
                  "enchantment": "minecraft:fortune",
                  "formula": "minecraft:ore_drops"
                },
                {
                  "function": "minecraft:explosion_decay"
                }
              ],
              "name": "minecraft:diamond"
            }
          ]
        }
      ]
    },
    {
      "rolls":1.0,
      "entries": [
        {
          "type": "minecraft:item",
          "conditions": [
            {
              "condition": "minecraft:entity_scores",
              "entity": "this",
              "scores": {
                "vsMiningLvl":{
                  "min": 20,
                  "max": 2147483647
                }
              }
            }
          ],
          "functions": [
            {
              "function": "minecraft:set_count",
              "count":{
                "min": 0,
                "max": 1.0
              }
            }
          ],
          "name": "minecraft:diamond"
        }
      ]
    },
    {
      "rolls":1.0,
      "entries": [
        {
          "type": "minecraft:item",
          "conditions": [
            {
              "condition": "minecraft:entity_scores",
              "entity": "this",
              "scores": {
                "vsMiningLvl":{
                  "min": 50,
                  "max": 2147483647
                }
              }
            }
          ],
          "functions": [
            {
              "function": "minecraft:set_count",
              "count":{
                "min": 1.0,
                "max": 2.0
              }
            }
          ],
          "name": "minecraft:diamond"
        }
      ]
    },
    {
      "rolls":1.0,
      "entries": [
        {
          "type": "minecraft:item",
          "conditions": [
            {
              "condition": "minecraft:entity_scores",
              "entity": "this",
              "scores": {
                "vsMiningLvl":{
                  "min": 75,
                  "max": 2147483647
                }
              }
            }
          ],
          "functions": [
            {
              "function": "minecraft:set_count",
              "count":{
                "min": 1.0,
                "max": 3.0
              }
            }
          ],
          "name": "minecraft:diamond"
        }
      ]
    },
    {
      "rolls":1.0,
      "entries": [
        {
          "type": "minecraft:item",
          "conditions": [
            {
              "condition": "minecraft:entity_scores",
              "entity": "this",
              "scores": {
                "vsMiningLvl":{
                  "min": 100,
                  "max": 2147483647
                }
              }
            }
          ],
          "functions": [
            {
              "function": "minecraft:set_count",
              "count":{
                "min": 2.0,
                "max": 3.0
              }
            }
          ],
          "name": "minecraft:diamond"
        }
      ]
    }
  ]
}