{
  "type": "minecraft:block",
  "pools": [
    {
      "rolls": 1,
      "entries": [
        {
          "type": "minecraft:alternatives",
          "children": [
            {
              "type": "minecraft:item",
              "conditions": [
                {
                  "condition": "minecraft:match_tool",
                  "predicate": {
                    "item": "minecraft:shears"
                  }
                }
              ],
              "name": "minecraft:grass"
            },
            {
              "type":"minecraft:item",
              "conditions": [
                {
                  "condition": "minecraft:random_chance",
                  "chance": 0.05
                }
              ],
              "functions": [
                {
                  "function": "minecraft:set_nbt",
                  "tag": "{ExpBook:\"Herbal\",display:{Name:\"\\\"经验之书\\\"\",Lore:[\"\\\"技能：草药学\\\"\",\"\\\"来源：草\\\"\"]}}"
                }
              ],
              "name": "minecraft:enchanted_book"
            },
            {
              "type": "minecraft:item",
              "conditions": [
                {
                  "condition": "minecraft:random_chance",
                  "chance": 0.125
                }
              ],
              "functions": [
                {
                  "function": "minecraft:apply_bonus",
                  "enchantment": "minecraft:fortune",
                  "formula": "minecraft:uniform_bonus_count",
                  "parameters": {
                    "bonusMultiplier": 2
                  }
                },
                {
                  "function": "minecraft:explosion_decay"
                }
              ],
              "name": "minecraft:wheat_seeds"
            }
          ]
        }
      ]
    },
    {
      "rolls": 1.0,
      "entries": [
        {
          "type": "minecraft:item",
          "conditions": [
            {
              "condition": "minecraft:random_chance",
              "chance": 0.05
            }
          ],
          "functions": [
            {
              "function": "minecraft:apply_bonus",
              "enchantment": "minecraft:fortune",
              "formula": "minecraft:uniform_bonus_count",
              "parameters": {
                "bonusMultiplier": 2
              }
            },
            {
              "function": "minecraft:explosion_decay"
            }
          ],
          "name": "minecraft:beetroot_seeds"
        }
      ]
    },
    {
      "rolls": 1.0,
      "entries": [
        {
          "type": "minecraft:item",
          "conditions": [
            {
              "condition": "minecraft:entity_scores",
              "entity": "this",
              "scores": {
                "vsHerbalLvl":{
                  "min": 20,
                  "max": 2147483648
                }
              }
            },
            {
              "condition": "minecraft:random_chance",
              "chance": 0.01
            }
          ],
          "name": "minecraft:carrot"
        }
      ]
    },
    {
      "rolls": 1.0,
      "entries": [
        {
          "type": "minecraft:item",
          "conditions": [
            {
              "condition": "minecraft:entity_scores",
              "entity": "this",
              "scores": {
                "vsHerbalLvl":{
                  "min": 20,
                  "max": 2147483648
                }
              }
            },
            {
              "condition": "minecraft:random_chance",
              "chance": 0.01
            }
          ],
          "name": "minecraft:potato"
        }
      ]
    }
  ]
}