{
  "parent": "story/root",
  "display": {
    "icon": {
      "item": "minecraft:command_block"
    },
    "title": "foods_trigger",
    "description": "Command Only",
    "frame": "task",
    "show_toast": false,
    "announce_to_chat": false,
    "hidden": true
  },
  "criteria": {
    "apple": {
      "trigger": "minecraft:consume_item",
      "conditions": {
        "item": {
          "item": "minecraft:golden_apple"
        }
      }
    }
  },
  "requirements": [
    [
      "apple"
    ]
  ],
  "rewards": {
    "function": "stayhealthy:foods/6"
  }
}